[
  {
    "value": "Upper abdominal pain",
    "synonyms": [
      "Upper abdominal pain"
    ]
  },
  {
    "value": "Lower abdominal pain",
    "synonyms": [
      "Lower abdominal pain"
    ]
  },
  {
    "value": "Abscess (Collection of pus)",
    "synonyms": [
      "Abscess Collection of pus"
    ]
  },
  {
    "value": "Alcohol abuse",
    "synonyms": [
      "Alcohol abuse"
    ]
  },
  {
    "value": "Anxiety (Nervousness)",
    "synonyms": [
      "Anxiety Nervousness"
    ]
  },
  {
    "value": "Arm ache or pain",
    "synonyms": [
      "Arm ache or pain"
    ]
  },
  {
    "value": "Back ache or pain",
    "synonyms": [
      "Back ache or pain"
    ]
  },
  {
    "value": "Bleeding tendency",
    "synonyms": [
      "Bleeding tendency"
    ]
  },
  {
    "value": "Blood in vomit",
    "synonyms": [
      "Blood in vomit"
    ]
  },
  {
    "value": "Bloody diarrhea",
    "synonyms": [
      "Bloody diarrhea"
    ]
  },
  {
    "value": "Pain or soreness of breast",
    "synonyms": [
      "Pain or soreness of breast"
    ]
  },
  {
    "value": "Calf pain",
    "synonyms": [
      "Calf pain"
    ]
  },
  {
    "value": "Chest pressure",
    "synonyms": [
      "Chest pressure"
    ]
  },
  {
    "value": "Chills",
    "synonyms": [
      "Chills"
    ]
  },
  {
    "value": "Change in behavior",
    "synonyms": [
      "Change in behavior"
    ]
  },
  {
    "value": "Constipation",
    "synonyms": [
      "Constipation"
    ]
  },
  {
    "value": "Cough",
    "synonyms": [
      "Cough"
    ]
  },
  {
    "value": "Dark stools",
    "synonyms": [
      "Dark stools"
    ]
  },
  {
    "value": "Depressed",
    "synonyms": [
      "Depressed"
    ]
  },
  {
    "value": "Diarrhea",
    "synonyms": [
      "Diarrhea"
    ]
  },
  {
    "value": "Dizziness",
    "synonyms": [
      "Dizziness"
    ]
  },
  {
    "value": "Double vision (Diplopia)",
    "synonyms": [
      "Double vision Diplopia"
    ]
  },
  {
    "value": "Ear pressure",
    "synonyms": [
      "Ear pressure"
    ]
  },
  {
    "value": "Pain in the ear",
    "synonyms": [
      "Pain in the ear"
    ]
  },
  {
    "value": "Elbow ache or pain",
    "synonyms": [
      "Elbow ache or pain"
    ]
  },
  {
    "value": "Eye pain (Irritation)",
    "synonyms": [
      "Eye pain Irritation"
    ]
  },
  {
    "value": "Facial pain",
    "synonyms": [
      "Facial pain"
    ]
  },
  {
    "value": "Fainting",
    "synonyms": [
      "Fainting"
    ]
  },
  {
    "value": "Fever",
    "synonyms": [
      "Fever"
    ]
  },
  {
    "value": "Fever in the returning traveler",
    "synonyms": [
      "Fever in the returning traveler"
    ]
  },
  {
    "value": "Fever of unknown origin",
    "synonyms": [
      "Fever of unknown origin"
    ]
  },
  {
    "value": "Flank pain",
    "synonyms": [
      "Flank pain"
    ]
  },
  {
    "value": "Frequent urination (Frequency)",
    "synonyms": [
      "Frequent urination Frequency"
    ]
  },
  {
    "value": "Foot pain",
    "synonyms": [
      "Foot pain"
    ]
  },
  {
    "value": "Cranky, crying, fussy, irritable child",
    "synonyms": [
      "Cranky, crying, fussy, irritable child"
    ]
  },
  {
    "value": "Groin pain",
    "synonyms": [
      "Groin pain"
    ]
  },
  {
    "value": "Delusions or hallucinations",
    "synonyms": [
      "Delusions or hallucinations"
    ]
  },
  {
    "value": "Hand, finger ache or pain",
    "synonyms": [
      "Hand, finger ache or pain"
    ]
  },
  {
    "value": "Head injury",
    "synonyms": [
      "Head injury"
    ]
  },
  {
    "value": "Headache",
    "synonyms": [
      "Headache"
    ]
  },
  {
    "value": "Heel pain",
    "synonyms": [
      "Heel pain"
    ]
  },
  {
    "value": "Heat illness",
    "synonyms": [
      "Heat illness"
    ]
  },
  {
    "value": "Hip pain",
    "synonyms": [
      "Hip pain"
    ]
  },
  {
    "value": "Hives",
    "synonyms": [
      "Hives"
    ]
  },
  {
    "value": "Hoarse voice",
    "synonyms": [
      "Hoarse voice"
    ]
  },
  {
    "value": "Hypothermia (Low temperature)",
    "synonyms": [
      "Hypothermia Low temperature"
    ]
  },
  {
    "value": "Incontinence (leaking urine)",
    "synonyms": [
      "Incontinence leaking urine"
    ]
  },
  {
    "value": "Insect sting",
    "synonyms": [
      "Insect sting"
    ]
  },
  {
    "value": "Insomnia (Trouble sleeping)",
    "synonyms": [
      "Insomnia Trouble sleeping"
    ]
  },
  {
    "value": "Skin itching",
    "synonyms": [
      "Skin itching"
    ]
  },
  {
    "value": "Joint pain",
    "synonyms": [
      "Joint pain"
    ]
  },
  {
    "value": "Kidney pain (Flank pain)",
    "synonyms": [
      "Kidney pain Flank pain"
    ]
  },
  {
    "value": "Knee pain",
    "synonyms": [
      "Knee pain"
    ]
  },
  {
    "value": "Laceration",
    "synonyms": [
      "Laceration"
    ]
  },
  {
    "value": "Leg ache or pain",
    "synonyms": [
      "Leg ache or pain"
    ]
  },
  {
    "value": "Swelling of both legs",
    "synonyms": [
      "Swelling of both legs"
    ]
  },
  {
    "value": "Lethargy (Sluggishness)",
    "synonyms": [
      "Lethargy Sluggishness"
    ]
  },
  {
    "value": "Mouth pain",
    "synonyms": [
      "Mouth pain"
    ]
  },
  {
    "value": "Muscle pain",
    "synonyms": [
      "Muscle pain"
    ]
  },
  {
    "value": "Nail Injury",
    "synonyms": [
      "Nail Injury"
    ]
  },
  {
    "value": "Nasal bleeding",
    "synonyms": [
      "Nasal bleeding"
    ]
  },
  {
    "value": "Nasal injury",
    "synonyms": [
      "Nasal injury"
    ]
  },
  {
    "value": "Nausea",
    "synonyms": [
      "Nausea"
    ]
  },
  {
    "value": "Neck ache or pain",
    "synonyms": [
      "Neck ache or pain"
    ]
  },
  {
    "value": "Neck swelling",
    "synonyms": [
      "Neck swelling"
    ]
  },
  {
    "value": "Numbness",
    "synonyms": [
      "Numbness"
    ]
  },
  {
    "value": "Obesity",
    "synonyms": [
      "Obesity"
    ]
  },
  {
    "value": "Overdose",
    "synonyms": [
      "Overdose"
    ]
  },
  {
    "value": "Painful urination",
    "synonyms": [
      "Painful urination"
    ]
  },
  {
    "value": "Heart pulsations and palpitations",
    "synonyms": [
      "Heart pulsations and palpitations"
    ]
  },
  {
    "value": "Pelvic pain",
    "synonyms": [
      "Pelvic pain"
    ]
  },
  {
    "value": "Penile discharge",
    "synonyms": [
      "Penile discharge"
    ]
  },
  {
    "value": "Penis pain",
    "synonyms": [
      "Penis pain"
    ]
  },
  {
    "value": "Poisoning",
    "synonyms": [
      "Poisoning"
    ]
  },
  {
    "value": "Pregnancy problem",
    "synonyms": [
      "Pregnancy problem"
    ]
  },
  {
    "value": "Psychiatric problem",
    "synonyms": [
      "Psychiatric problem"
    ]
  },
  {
    "value": "Puncture wound",
    "synonyms": [
      "Puncture wound"
    ]
  },
  {
    "value": "Rash",
    "synonyms": [
      "Rash"
    ]
  },
  {
    "value": "Rectal pain",
    "synonyms": [
      "Rectal pain"
    ]
  },
  {
    "value": "Rectal swelling",
    "synonyms": [
      "Rectal swelling"
    ]
  },
  {
    "value": "Scrotal pain",
    "synonyms": [
      "Scrotal pain"
    ]
  },
  {
    "value": "Scrotal swelling",
    "synonyms": [
      "Scrotal swelling"
    ]
  },
  {
    "value": "Seizure",
    "synonyms": [
      "Seizure"
    ]
  },
  {
    "value": "Shortness of breath",
    "synonyms": [
      "Shortness of breath"
    ]
  },
  {
    "value": "Shoulder ache or pain",
    "synonyms": [
      "Shoulder ache or pain"
    ]
  },
  {
    "value": "Sinus pain and pressure",
    "synonyms": [
      "Sinus pain and pressure"
    ]
  },
  {
    "value": "Skin trauma",
    "synonyms": [
      "Skin trauma"
    ]
  },
  {
    "value": "Snake bite",
    "synonyms": [
      "Snake bite"
    ]
  },
  {
    "value": "Sore throat",
    "synonyms": [
      "Sore throat"
    ]
  },
  {
    "value": "Speech problem",
    "synonyms": [
      "Speech problem"
    ]
  },
  {
    "value": "Spider bite",
    "synonyms": [
      "Spider bite"
    ]
  },
  {
    "value": "Substance abuse (Drug abuse)",
    "synonyms": [
      "Substance abuse Drug abuse"
    ]
  },
  {
    "value": "Suicidal tendencies",
    "synonyms": [
      "Suicidal tendencies"
    ]
  },
  {
    "value": "Swallowing problem (Dysphagia)",
    "synonyms": [
      "Swallowing problem Dysphagia"
    ]
  },
  {
    "value": "Swelling",
    "synonyms": [
      "Swelling"
    ]
  },
  {
    "value": "Toe pain",
    "synonyms": [
      "Toe pain"
    ]
  },
  {
    "value": "Tooth pain",
    "synonyms": [
      "Tooth pain"
    ]
  },
  {
    "value": "Trauma",
    "synonyms": [
      "Trauma"
    ]
  },
  {
    "value": "Traveler\u0027s diarrhea",
    "synonyms": [
      "Traveler\u0027s diarrhea"
    ]
  },
  {
    "value": "Unsteady gait (Trouble walking)",
    "synonyms": [
      "Unsteady gait Trouble walking"
    ]
  },
  {
    "value": "Vaginal bleeding",
    "synonyms": [
      "Vaginal bleeding"
    ]
  },
  {
    "value": "Vaginal bleeding after menopause",
    "synonyms": [
      "Vaginal bleeding after menopause"
    ]
  },
  {
    "value": "Vaginal bleeding during pregnancy",
    "synonyms": [
      "Vaginal bleeding during pregnancy"
    ]
  },
  {
    "value": "Vaginal discharge",
    "synonyms": [
      "Vaginal discharge"
    ]
  },
  {
    "value": "Vaginal itching",
    "synonyms": [
      "Vaginal itching"
    ]
  },
  {
    "value": "Vaginal pain",
    "synonyms": [
      "Vaginal pain"
    ]
  },
  {
    "value": "Vertigo (Room spinning)",
    "synonyms": [
      "Vertigo Room spinning"
    ]
  },
  {
    "value": "Visual problems",
    "synonyms": [
      "Visual problems"
    ]
  },
  {
    "value": "Vomiting",
    "synonyms": [
      "Vomiting"
    ]
  },
  {
    "value": "General weakness",
    "synonyms": [
      "General weakness"
    ]
  },
  {
    "value": "Weakness (Muscle localized)",
    "synonyms": [
      "Weakness Muscle localized"
    ]
  },
  {
    "value": "Tired",
    "synonyms": [
      "Tired"
    ]
  },
  {
    "value": "Wrist pain",
    "synonyms": [
      "Wrist pain"
    ]
  },
  {
    "value": "Throat pain",
    "synonyms": [
      "Throat pain"
    ]
  },
  {
    "value": "Tremors",
    "synonyms": [
      "Tremors"
    ]
  },
  {
    "value": "Weight loss, unexplained",
    "synonyms": [
      "Weight loss, unexplained"
    ]
  },
  {
    "value": "Tongue swelling",
    "synonyms": [
      "Tongue swelling"
    ]
  },
  {
    "value": "Inconsolable baby",
    "synonyms": [
      "Inconsolable baby"
    ]
  },
  {
    "value": "Wheezing (Noisy breathing)",
    "synonyms": [
      "Wheezing Noisy breathing"
    ]
  },
  {
    "value": "Swollen lymph nodes (Large lymph nodes)",
    "synonyms": [
      "Swollen lymph nodes Large lymph nodes"
    ]
  },
  {
    "value": "Failure to thrive",
    "synonyms": [
      "Failure to thrive"
    ]
  },
  {
    "value": "Behavioral problem",
    "synonyms": [
      "Behavioral problem"
    ]
  },
  {
    "value": "Itchy rash (Pruritic rash)",
    "synonyms": [
      "Itchy rash Pruritic rash"
    ]
  },
  {
    "value": "Headache after trauma",
    "synonyms": [
      "Headache after trauma"
    ]
  },
  {
    "value": "Learning difficulties",
    "synonyms": [
      "Learning difficulties"
    ]
  },
  {
    "value": "Blood in urine (Hematuria)",
    "synonyms": [
      "Blood in urine Hematuria"
    ]
  },
  {
    "value": "Urinary retention (Inability to urinate)",
    "synonyms": [
      "Urinary retention Inability to urinate"
    ]
  },
  {
    "value": "Liver failure (Cirrhosis)",
    "synonyms": [
      "Liver failure Cirrhosis"
    ]
  },
  {
    "value": "Choking",
    "synonyms": [
      "Choking"
    ]
  },
  {
    "value": "Painful rash",
    "synonyms": [
      "Painful rash"
    ]
  },
  {
    "value": "Ingestion",
    "synonyms": [
      "Ingestion"
    ]
  },
  {
    "value": "Melena (Black stools from blood)",
    "synonyms": [
      "Melena Black stools from blood"
    ]
  },
  {
    "value": "Vomiting coffee ground material",
    "synonyms": [
      "Vomiting coffee ground material"
    ]
  },
  {
    "value": "Ringing in ears (Tinnitus)",
    "synonyms": [
      "Ringing in ears Tinnitus"
    ]
  },
  {
    "value": "Mouth ulcers",
    "synonyms": [
      "Mouth ulcers"
    ]
  },
  {
    "value": "Mouth swelling",
    "synonyms": [
      "Mouth swelling"
    ]
  },
  {
    "value": "Eye redness",
    "synonyms": [
      "Eye redness"
    ]
  },
  {
    "value": "Sneezing",
    "synonyms": [
      "Sneezing"
    ]
  },
  {
    "value": "Bleeding gums",
    "synonyms": [
      "Bleeding gums"
    ]
  },
  {
    "value": "Loss of balance",
    "synonyms": [
      "Loss of balance"
    ]
  },
  {
    "value": "Bleeding in brain",
    "synonyms": [
      "Bleeding in brain"
    ]
  },
  {
    "value": "Cyanosis (Blue skin coloration)",
    "synonyms": [
      "Cyanosis Blue skin coloration"
    ]
  },
  {
    "value": "Muscle spasm",
    "synonyms": [
      "Muscle spasm"
    ]
  },
  {
    "value": "Drooling",
    "synonyms": [
      "Drooling"
    ]
  },
  {
    "value": "Abdominal swelling (Stomach swelling)",
    "synonyms": [
      "Abdominal swelling Stomach swelling"
    ]
  },
  {
    "value": "Skin growths",
    "synonyms": [
      "Skin growths"
    ]
  },
  {
    "value": "Hand numbness (paresthesias)",
    "synonyms": [
      "Hand numbness paresthesias"
    ]
  },
  {
    "value": "Ankle pain",
    "synonyms": [
      "Ankle pain"
    ]
  },
  {
    "value": "Hemoptysis (Coughing blood)",
    "synonyms": [
      "Hemoptysis Coughing blood"
    ]
  },
  {
    "value": "Jaundice (Yellowing skin)",
    "synonyms": [
      "Jaundice Yellowing skin"
    ]
  },
  {
    "value": "Night sweats",
    "synonyms": [
      "Night sweats"
    ]
  },
  {
    "value": "Flatulence (Passing gas)",
    "synonyms": [
      "Flatulence Passing gas"
    ]
  },
  {
    "value": "Blister (Pocket of fluid)",
    "synonyms": [
      "Blister Pocket of fluid"
    ]
  },
  {
    "value": "Hair loss (Baldness)",
    "synonyms": [
      "Hair loss Baldness"
    ]
  },
  {
    "value": "Jaw pain",
    "synonyms": [
      "Jaw pain"
    ]
  },
  {
    "value": "Impotence",
    "synonyms": [
      "Impotence"
    ]
  },
  {
    "value": "Heart murmur (Abnormal heart sound)",
    "synonyms": [
      "Heart murmur Abnormal heart sound"
    ]
  },
  {
    "value": "Pustule (Collection of pus)",
    "synonyms": [
      "Pustule Collection of pus"
    ]
  },
  {
    "value": "Skin pain",
    "synonyms": [
      "Skin pain"
    ]
  },
  {
    "value": "Hot skin",
    "synonyms": [
      "Hot skin"
    ]
  },
  {
    "value": "Skin swelling",
    "synonyms": [
      "Skin swelling"
    ]
  },
  {
    "value": "Lip swelling",
    "synonyms": [
      "Lip swelling"
    ]
  },
  {
    "value": "Eye swelling",
    "synonyms": [
      "Eye swelling"
    ]
  },
  {
    "value": "Foot swelling",
    "synonyms": [
      "Foot swelling"
    ]
  },
  {
    "value": "Visual flashing lights",
    "synonyms": [
      "Visual flashing lights"
    ]
  },
  {
    "value": "Eye floaters",
    "synonyms": [
      "Eye floaters"
    ]
  },
  {
    "value": "Amenorrhea (No menstruation)",
    "synonyms": [
      "Amenorrhea No menstruation"
    ]
  },
  {
    "value": "Blurry vision",
    "synonyms": [
      "Blurry vision"
    ]
  },
  {
    "value": "Painful gums",
    "synonyms": [
      "Painful gums"
    ]
  },
  {
    "value": "Swollen gums",
    "synonyms": [
      "Swollen gums"
    ]
  },
  {
    "value": "Low blood sugar",
    "synonyms": [
      "Low blood sugar"
    ]
  },
  {
    "value": "Low blood pressure",
    "synonyms": [
      "Low blood pressure"
    ]
  },
  {
    "value": "Darkening of the skin (Hyperpigmentation)",
    "synonyms": [
      "Darkening of the skin Hyperpigmentation"
    ]
  },
  {
    "value": "Low heart rate",
    "synonyms": [
      "Low heart rate"
    ]
  },
  {
    "value": "Foot itching",
    "synonyms": [
      "Foot itching"
    ]
  },
  {
    "value": "Hot flashes",
    "synonyms": [
      "Hot flashes"
    ]
  },
  {
    "value": "Infertility (Female)",
    "synonyms": [
      "Infertility Female"
    ]
  },
  {
    "value": "Increased facial hair",
    "synonyms": [
      "Increased facial hair"
    ]
  },
  {
    "value": "Arm swelling",
    "synonyms": [
      "Arm swelling"
    ]
  },
  {
    "value": "Calf swelling",
    "synonyms": [
      "Calf swelling"
    ]
  },
  {
    "value": "Ear swelling",
    "synonyms": [
      "Ear swelling"
    ]
  },
  {
    "value": "Wrist swelling",
    "synonyms": [
      "Wrist swelling"
    ]
  },
  {
    "value": "Maroon stools",
    "synonyms": [
      "Maroon stools"
    ]
  },
  {
    "value": "Arm cut (laceration)",
    "synonyms": [
      "Arm cut laceration"
    ]
  },
  {
    "value": "Hand cut (laceration)",
    "synonyms": [
      "Hand cut laceration"
    ]
  },
  {
    "value": "Leg cut (laceration)",
    "synonyms": [
      "Leg cut laceration"
    ]
  },
  {
    "value": "Foot cut (laceration)",
    "synonyms": [
      "Foot cut laceration"
    ]
  },
  {
    "value": "Arm itching",
    "synonyms": [
      "Arm itching"
    ]
  },
  {
    "value": "Hand redness",
    "synonyms": [
      "Hand redness"
    ]
  },
  {
    "value": "Foot redness",
    "synonyms": [
      "Foot redness"
    ]
  },
  {
    "value": "Arm redness",
    "synonyms": [
      "Arm redness"
    ]
  },
  {
    "value": "Leg redness",
    "synonyms": [
      "Leg redness"
    ]
  },
  {
    "value": "Hand itching",
    "synonyms": [
      "Hand itching"
    ]
  },
  {
    "value": "Leg itching",
    "synonyms": [
      "Leg itching"
    ]
  },
  {
    "value": "Steatorrhea (Excess fat in stool)",
    "synonyms": [
      "Steatorrhea Excess fat in stool"
    ]
  },
  {
    "value": "Upper leg pain",
    "synonyms": [
      "Upper leg pain"
    ]
  },
  {
    "value": "Armpit pain",
    "synonyms": [
      "Armpit pain"
    ]
  },
  {
    "value": "Sweating",
    "synonyms": [
      "Sweating"
    ]
  },
  {
    "value": "Nasal congestion",
    "synonyms": [
      "Nasal congestion"
    ]
  },
  {
    "value": "Joint stiffness",
    "synonyms": [
      "Joint stiffness"
    ]
  },
  {
    "value": "Skin sores",
    "synonyms": [
      "Skin sores"
    ]
  },
  {
    "value": "Chest burning",
    "synonyms": [
      "Chest burning"
    ]
  },
  {
    "value": "Memory loss",
    "synonyms": [
      "Memory loss"
    ]
  },
  {
    "value": "Arm numbness (paresthesias)",
    "synonyms": [
      "Arm numbness paresthesias"
    ]
  },
  {
    "value": "Leg numbness (paresthesias)",
    "synonyms": [
      "Leg numbness paresthesias"
    ]
  },
  {
    "value": "Foot numbness (paresthesias)",
    "synonyms": [
      "Foot numbness paresthesias"
    ]
  },
  {
    "value": "Face numbness (paresthesias)",
    "synonyms": [
      "Face numbness paresthesias"
    ]
  },
  {
    "value": "Dementia",
    "synonyms": [
      "Dementia"
    ]
  },
  {
    "value": "Facial droop (weakness)",
    "synonyms": [
      "Facial droop weakness"
    ]
  },
  {
    "value": "Limping in a child",
    "synonyms": [
      "Limping in a child"
    ]
  },
  {
    "value": "Increased thirst",
    "synonyms": [
      "Increased thirst"
    ]
  },
  {
    "value": "Increased urination (polyuria)",
    "synonyms": [
      "Increased urination polyuria"
    ]
  },
  {
    "value": "Shin pain",
    "synonyms": [
      "Shin pain"
    ]
  },
  {
    "value": "Stings",
    "synonyms": [
      "Stings"
    ]
  },
  {
    "value": "Sleep disorders",
    "synonyms": [
      "Sleep disorders"
    ]
  },
  {
    "value": "Drooping eyelid (Ptosis)",
    "synonyms": [
      "Drooping eyelid Ptosis"
    ]
  },
  {
    "value": "Snoring",
    "synonyms": [
      "Snoring"
    ]
  },
  {
    "value": "Dry skin",
    "synonyms": [
      "Dry skin"
    ]
  },
  {
    "value": "Itchy eyes",
    "synonyms": [
      "Itchy eyes"
    ]
  },
  {
    "value": "Elbow swelling",
    "synonyms": [
      "Elbow swelling"
    ]
  },
  {
    "value": "Chest pain",
    "synonyms": [
      "Chest pain"
    ]
  },
  {
    "value": "Skin infection",
    "synonyms": [
      "Skin infection"
    ]
  },
  {
    "value": "Stomach and abdominal pain",
    "synonyms": [
      "Stomach and abdominal pain"
    ]
  },
  {
    "value": "Anger",
    "synonyms": [
      "Anger"
    ]
  },
  {
    "value": "Hurts to breathe",
    "synonyms": [
      "Hurts to breathe"
    ]
  },
  {
    "value": "Difficulty breathing",
    "synonyms": [
      "Difficulty breathing"
    ]
  },
  {
    "value": "Pulling at ears",
    "synonyms": [
      "Pulling at ears"
    ]
  },
  {
    "value": "Skin bumps",
    "synonyms": [
      "Skin bumps"
    ]
  },
  {
    "value": "Congestion in chest or lungs",
    "synonyms": [
      "Congestion in chest or lungs"
    ]
  },
  {
    "value": "Discharge from ear",
    "synonyms": [
      "Discharge from ear"
    ]
  },
  {
    "value": "Low back ache or pain",
    "synonyms": [
      "Low back ache or pain"
    ]
  },
  {
    "value": "Unusual color or odor of urine",
    "synonyms": [
      "Unusual color or odor of urine"
    ]
  },
  {
    "value": "Penis inflammation or swelling",
    "synonyms": [
      "Penis inflammation or swelling"
    ]
  },
  {
    "value": "Excessive appetite",
    "synonyms": [
      "Excessive appetite"
    ]
  },
  {
    "value": "Retaining fluid",
    "synonyms": [
      "Retaining fluid"
    ]
  },
  {
    "value": "Lump or mass of breast",
    "synonyms": [
      "Lump or mass of breast"
    ]
  },
  {
    "value": "Neck stiffness or tightness",
    "synonyms": [
      "Neck stiffness or tightness"
    ]
  },
  {
    "value": "Agitated",
    "synonyms": [
      "Agitated"
    ]
  },
  {
    "value": "Confusion",
    "synonyms": [
      "Confusion"
    ]
  },
  {
    "value": "Headache and weakness",
    "synonyms": [
      "Headache and weakness"
    ]
  },
  {
    "value": "Confusion and headache",
    "synonyms": [
      "Confusion and headache"
    ]
  },
  {
    "value": "Nipple discharge",
    "synonyms": [
      "Nipple discharge"
    ]
  },
  {
    "value": "Shoulder stiffness or tightness",
    "synonyms": [
      "Shoulder stiffness or tightness"
    ]
  },
  {
    "value": "Arm stiffness or tightness",
    "synonyms": [
      "Arm stiffness or tightness"
    ]
  },
  {
    "value": "High blood pressure",
    "synonyms": [
      "High blood pressure"
    ]
  },
  {
    "value": "High blood sugar",
    "synonyms": [
      "High blood sugar"
    ]
  }
]