[
  {
    "id": "5a787922-dfde-43ef-9d7a-aaff72f10282",
    "data": [
      {
        "text": "I feel terrible",
        "userDefined": false
      }
    ],
    "isTemplate": false,
    "count": 0,
    "updated": 1540068967
  },
  {
    "id": "fbce6e26-6044-4394-b741-2cab9501b2f1",
    "data": [
      {
        "text": "I feel nasty",
        "userDefined": false
      }
    ],
    "isTemplate": false,
    "count": 0,
    "updated": 1540068967
  },
  {
    "id": "2aaa62ec-1c43-43f3-a4e6-f49baa7b85e7",
    "data": [
      {
        "text": "My feels wrong",
        "userDefined": false
      }
    ],
    "isTemplate": false,
    "count": 0,
    "updated": 1540068967
  },
  {
    "id": "4e585a97-cc29-4545-b0ef-1db42e99a76e",
    "data": [
      {
        "text": "My hurts",
        "userDefined": false
      }
    ],
    "isTemplate": false,
    "count": 0,
    "updated": 1540068967
  },
  {
    "id": "ef9ce509-d946-4b86-aaea-e76b61a325e0",
    "data": [
      {
        "text": "I am sick",
        "userDefined": false
      }
    ],
    "isTemplate": false,
    "count": 0,
    "updated": 1540068967
  },
  {
    "id": "18861af8-cbff-478e-ac21-e03c3ce026c1",
    "data": [
      {
        "text": "I\u0027m not feeling good",
        "userDefined": false
      }
    ],
    "isTemplate": false,
    "count": 0,
    "updated": 1540068967
  },
  {
    "id": "f6e6ebf7-aee0-4be8-9fe0-361b4e9cfcad",
    "data": [
      {
        "text": "I feel like crap",
        "userDefined": false
      }
    ],
    "isTemplate": false,
    "count": 0,
    "updated": 1540068967
  },
  {
    "id": "322001be-a35b-4c3a-a7af-8af56a5dfa11",
    "data": [
      {
        "text": "Help me get better",
        "userDefined": false
      }
    ],
    "isTemplate": false,
    "count": 0,
    "updated": 1540068967
  },
  {
    "id": "170a8e3a-c123-4003-bb73-0abc05059ff9",
    "data": [
      {
        "text": "I\u0027m sick",
        "userDefined": false
      }
    ],
    "isTemplate": false,
    "count": 0,
    "updated": 1540068967
  },
  {
    "id": "c69911c7-10df-426b-ae93-69538461a899",
    "data": [
      {
        "text": "I\u0027m not feeling too well",
        "userDefined": false
      }
    ],
    "isTemplate": false,
    "count": 0,
    "updated": 1540068967
  }
]