[
  {
    "id": "6fc6e7e3-9189-4c7a-88d6-08d18059cd80",
    "data": [
      {
        "text": "I\u0027ve got a ",
        "userDefined": false
      },
      {
        "text": "fever",
        "alias": "symptom",
        "meta": "@symptom",
        "userDefined": true
      },
      {
        "text": " and have been coughing up green ",
        "userDefined": false
      },
      {
        "text": "phlegm",
        "alias": "symptom",
        "meta": "@symptom",
        "userDefined": true
      }
    ],
    "isTemplate": false,
    "count": 0,
    "updated": 1540071729
  },
  {
    "id": "80c21b73-13bb-4a6a-924e-0f37c46c8190",
    "data": [
      {
        "text": "I\u0027ve been ",
        "userDefined": false
      },
      {
        "text": "coughing",
        "alias": "symptom",
        "meta": "@symptom",
        "userDefined": true
      },
      {
        "text": " and have a ",
        "userDefined": false
      },
      {
        "text": "fever",
        "alias": "symptom",
        "meta": "@symptom",
        "userDefined": true
      }
    ],
    "isTemplate": false,
    "count": 0,
    "updated": 1540071729
  },
  {
    "id": "4d448a60-09f9-4894-840d-b5ae75914ce5",
    "data": [
      {
        "text": "I have a ",
        "userDefined": false
      },
      {
        "text": "fever",
        "alias": "symptom",
        "meta": "@symptom",
        "userDefined": true
      }
    ],
    "isTemplate": false,
    "count": 0,
    "updated": 1540070110
  },
  {
    "id": "a3cae4bd-54e2-4be8-a73f-f4144736a43e",
    "data": [
      {
        "text": "I am spitting up ",
        "userDefined": false
      },
      {
        "text": "green phlegm",
        "alias": "symptom",
        "meta": "@symptom",
        "userDefined": false
      },
      {
        "text": " and ",
        "userDefined": false
      },
      {
        "text": "coughing",
        "alias": "symptom",
        "meta": "@symptom",
        "userDefined": true
      }
    ],
    "isTemplate": false,
    "count": 0,
    "updated": 1540070110
  }
]