[
  {
    "id": "1d2515d7-eb39-4939-b5d1-95de09fa7b70",
    "data": [
      {
        "text": "no way",
        "userDefined": false
      }
    ],
    "isTemplate": false,
    "count": 1,
    "updated": 1531859391
  },
  {
    "id": "6361998f-0d75-443f-b394-952a8671e2b2",
    "data": [
      {
        "text": "not even close",
        "userDefined": false
      }
    ],
    "isTemplate": false,
    "count": 0,
    "updated": 1540073464
  },
  {
    "id": "5e1e4683-fbfa-4622-82cb-825da3726444",
    "data": [
      {
        "text": "that\u0027s NOT what i said",
        "userDefined": false
      }
    ],
    "isTemplate": false,
    "count": 0,
    "updated": 1540073464
  },
  {
    "id": "29a35d07-ff3d-416c-98c5-b986c3572c9e",
    "data": [
      {
        "text": "no dammit",
        "userDefined": false
      }
    ],
    "isTemplate": false,
    "count": 0,
    "updated": 1540073464
  },
  {
    "id": "cab93c86-72bb-462d-b87b-bc1a0b3f4596",
    "data": [
      {
        "text": "dumb machine",
        "userDefined": false
      }
    ],
    "isTemplate": false,
    "count": 0,
    "updated": 1540073464
  },
  {
    "id": "c443da12-7d5a-440c-8e67-cbd2ea3cb499",
    "data": [
      {
        "text": "fool",
        "userDefined": false
      }
    ],
    "isTemplate": false,
    "count": 0,
    "updated": 1540073464
  },
  {
    "id": "27474490-bac5-4e56-88aa-9d4d896f41de",
    "data": [
      {
        "text": "bakka!",
        "userDefined": false
      }
    ],
    "isTemplate": false,
    "count": 0,
    "updated": 1540073464
  },
  {
    "id": "98a8c415-da1a-46e1-92cb-8c563aff1715",
    "data": [
      {
        "text": "idiot",
        "userDefined": false
      }
    ],
    "isTemplate": false,
    "count": 0,
    "updated": 1540073464
  },
  {
    "id": "d9eb87ac-d8eb-4d73-a769-58bee5f637a2",
    "data": [
      {
        "text": "you stupid",
        "userDefined": false
      }
    ],
    "isTemplate": false,
    "count": 0,
    "updated": 1540073464
  },
  {
    "id": "3496a129-8021-4574-b355-ebd692e31d70",
    "data": [
      {
        "text": "noooooo",
        "userDefined": false
      }
    ],
    "isTemplate": false,
    "count": 0,
    "updated": 1540073464
  },
  {
    "id": "7434a66f-ebfa-49b9-a6f6-504d7cc0955d",
    "data": [
      {
        "text": "ernt",
        "userDefined": false
      }
    ],
    "isTemplate": false,
    "count": 0,
    "updated": 1540073464
  },
  {
    "id": "94a3e178-ca7a-4b27-8d25-e1ec94b06e6e",
    "data": [
      {
        "text": "wrong!",
        "userDefined": false
      }
    ],
    "isTemplate": false,
    "count": 0,
    "updated": 1540073464
  },
  {
    "id": "f2bc3fde-c347-4ec1-91bf-8d74f05e6d0d",
    "data": [
      {
        "text": "ah ah",
        "userDefined": false
      }
    ],
    "isTemplate": false,
    "count": 0,
    "updated": 1540073464
  },
  {
    "id": "71a1ae8f-d808-46d2-a787-3428a1e1e62f",
    "data": [
      {
        "text": "no",
        "userDefined": false
      }
    ],
    "isTemplate": false,
    "count": 2,
    "updated": 1531859391
  },
  {
    "id": "34ee3cdc-e006-4130-b676-211ef7bd5d6c",
    "data": [
      {
        "text": "nope",
        "userDefined": false
      }
    ],
    "isTemplate": false,
    "count": 1,
    "updated": 1531859391
  },
  {
    "id": "82c17cb2-ba16-48ae-9068-105fc2827d34",
    "data": [
      {
        "text": "don\u0027t",
        "userDefined": false
      }
    ],
    "isTemplate": false,
    "count": 0,
    "updated": 1531859391
  },
  {
    "id": "783d1f8b-23ce-47ef-9ff6-846b2884a104",
    "data": [
      {
        "text": "nope not really",
        "userDefined": false
      }
    ],
    "isTemplate": false,
    "count": 0,
    "updated": 1531859391
  },
  {
    "id": "da745548-bee1-4806-acf3-415455793659",
    "data": [
      {
        "text": "no that\u0027s be all",
        "userDefined": false
      }
    ],
    "isTemplate": false,
    "count": 0,
    "updated": 1531859391
  },
  {
    "id": "8543cec5-80dc-4528-b739-f0e858910b88",
    "data": [
      {
        "text": "not right now",
        "userDefined": false
      }
    ],
    "isTemplate": false,
    "count": 0,
    "updated": 1531859391
  },
  {
    "id": "b9ea45f4-240c-4941-b1b8-922d6191eb29",
    "data": [
      {
        "text": "thanks but no",
        "userDefined": false
      }
    ],
    "isTemplate": false,
    "count": 0,
    "updated": 1531859391
  },
  {
    "id": "b751d977-85b3-4af0-b4bd-4ae821c87a3d",
    "data": [
      {
        "text": "not",
        "userDefined": false
      }
    ],
    "isTemplate": false,
    "count": 0,
    "updated": 1531859391
  },
  {
    "id": "b902174a-f93c-48bd-b9f6-6544e0fd4ff3",
    "data": [
      {
        "text": "no we are good",
        "userDefined": false
      }
    ],
    "isTemplate": false,
    "count": 0,
    "updated": 1531859391
  },
  {
    "id": "5a411dde-10ff-4c91-8f94-1744aa003cda",
    "data": [
      {
        "text": "nothing else",
        "userDefined": false
      }
    ],
    "isTemplate": false,
    "count": 1,
    "updated": 1531859391
  },
  {
    "id": "980de3c6-66af-4795-838c-fe11dbb115ca",
    "data": [
      {
        "text": "not interested",
        "userDefined": false
      }
    ],
    "isTemplate": false,
    "count": 0,
    "updated": 1531859391
  },
  {
    "id": "c4f9d2cd-c022-4573-907d-d2fc073dc407",
    "data": [
      {
        "text": "nah I\u0027m good",
        "userDefined": false
      }
    ],
    "isTemplate": false,
    "count": 1,
    "updated": 1531859391
  },
  {
    "id": "8be86aaa-503b-4fa7-997f-e56cddb14842",
    "data": [
      {
        "text": "definitely not",
        "userDefined": false
      }
    ],
    "isTemplate": false,
    "count": 3,
    "updated": 1531859391
  },
  {
    "id": "57deccfe-8c3a-4fb4-9742-9ef5362261a2",
    "data": [
      {
        "text": "no never",
        "userDefined": false
      }
    ],
    "isTemplate": false,
    "count": 0,
    "updated": 1531859391
  },
  {
    "id": "fdf2c497-98da-4220-aab9-3ef9d6057968",
    "data": [
      {
        "text": "never",
        "userDefined": false
      }
    ],
    "isTemplate": false,
    "count": 0,
    "updated": 1531859391
  },
  {
    "id": "4128bb74-9076-4227-8cef-770ef679a516",
    "data": [
      {
        "text": "nah",
        "userDefined": false
      }
    ],
    "isTemplate": false,
    "count": 2,
    "updated": 1531859391
  },
  {
    "id": "10d4b81b-f49c-4791-8566-6ed074c139b0",
    "data": [
      {
        "text": "nothing",
        "userDefined": false
      }
    ],
    "isTemplate": false,
    "count": 0,
    "updated": 1531859391
  },
  {
    "id": "fe509151-795a-4110-b063-ffe90888b247",
    "data": [
      {
        "text": "no maybe next time",
        "userDefined": false
      }
    ],
    "isTemplate": false,
    "count": 0,
    "updated": 1531859391
  },
  {
    "id": "6bada309-d88f-4c7c-8287-34e959268b1e",
    "data": [
      {
        "text": "I don\u0027t want that",
        "userDefined": false
      }
    ],
    "isTemplate": false,
    "count": 0,
    "updated": 1531859391
  },
  {
    "id": "37ca17ea-9ad5-4cbe-acbc-c80d7b7c1486",
    "data": [
      {
        "text": "no not really",
        "userDefined": false
      }
    ],
    "isTemplate": false,
    "count": 0,
    "updated": 1531859391
  },
  {
    "id": "7bd230f9-b795-4248-9c92-89926ad89877",
    "data": [
      {
        "text": "no that\u0027s ok",
        "userDefined": false
      }
    ],
    "isTemplate": false,
    "count": 1,
    "updated": 1531859391
  },
  {
    "id": "bb2ec770-843f-42c0-9eed-82d9b26045af",
    "data": [
      {
        "text": "no no don\u0027t",
        "userDefined": false
      }
    ],
    "isTemplate": false,
    "count": 0,
    "updated": 1531859391
  },
  {
    "id": "cfbd9c0b-932e-450d-89be-c6aca26f329c",
    "data": [
      {
        "text": "na",
        "userDefined": false
      }
    ],
    "isTemplate": false,
    "count": 0,
    "updated": 1531859391
  },
  {
    "id": "cac47079-a414-4344-8fa8-6fd3ca43dfea",
    "data": [
      {
        "text": "no way no",
        "userDefined": false
      }
    ],
    "isTemplate": false,
    "count": 0,
    "updated": 1531859391
  },
  {
    "id": "3e685204-0679-407a-953c-5674dbd55371",
    "data": [
      {
        "text": "I can\u0027t",
        "userDefined": false
      }
    ],
    "isTemplate": false,
    "count": 0,
    "updated": 1531859391
  },
  {
    "id": "8e2500af-c302-48b1-89d3-d98b4a8ca4aa",
    "data": [
      {
        "text": "no thanks",
        "userDefined": false
      }
    ],
    "isTemplate": false,
    "count": 0,
    "updated": 1531859391
  },
  {
    "id": "0fd69eb8-422a-4562-b044-87d71564a5d6",
    "data": [
      {
        "text": "not at all",
        "userDefined": false
      }
    ],
    "isTemplate": false,
    "count": 0,
    "updated": 1531859391
  },
  {
    "id": "abf62643-7af9-4954-b52c-7a3734ffce06",
    "data": [
      {
        "text": "not really",
        "userDefined": false
      }
    ],
    "isTemplate": false,
    "count": 0,
    "updated": 1531859391
  },
  {
    "id": "4a28a54c-56f4-4cf8-8b4f-05d5a245635d",
    "data": [
      {
        "text": "I don\u0027t",
        "userDefined": false
      }
    ],
    "isTemplate": false,
    "count": 0,
    "updated": 1531859391
  },
  {
    "id": "760bc532-d17d-4137-a25d-4ecbc65f8209",
    "data": [
      {
        "text": "no I cannot",
        "userDefined": false
      }
    ],
    "isTemplate": false,
    "count": 1,
    "updated": 1531859391
  },
  {
    "id": "0b430ce3-6bae-4523-98b2-7a5c57405e62",
    "data": [
      {
        "text": "no that\u0027s okay",
        "userDefined": false
      }
    ],
    "isTemplate": false,
    "count": 1,
    "updated": 1531859391
  },
  {
    "id": "54e01916-cde1-42d9-ad66-4a227b29ee70",
    "data": [
      {
        "text": "I don\u0027t think so",
        "userDefined": false
      }
    ],
    "isTemplate": false,
    "count": 1,
    "updated": 1531859391
  },
  {
    "id": "38f0e916-6567-4771-98c1-27a6be601601",
    "data": [
      {
        "text": "no it isn\u0027t",
        "userDefined": false
      }
    ],
    "isTemplate": false,
    "count": 1,
    "updated": 1531859391
  },
  {
    "id": "3cd888c9-bb01-485e-b6d4-2e819fb5879f",
    "data": [
      {
        "text": "thanks but not this time",
        "userDefined": false
      }
    ],
    "isTemplate": false,
    "count": 1,
    "updated": 1531859391
  },
  {
    "id": "942337d2-2729-45ba-9d5e-3669f8986983",
    "data": [
      {
        "text": "no that\u0027s fine thank you",
        "userDefined": false
      }
    ],
    "isTemplate": false,
    "count": 0,
    "updated": 1531859391
  },
  {
    "id": "40022349-e829-4543-aa6c-e62f70a0bdb2",
    "data": [
      {
        "text": "no don\u0027t",
        "userDefined": false
      }
    ],
    "isTemplate": false,
    "count": 0,
    "updated": 1531859391
  },
  {
    "id": "8599093c-732e-4a7f-8ee6-e33d053a3ffc",
    "data": [
      {
        "text": "don\u0027t do it",
        "userDefined": false
      }
    ],
    "isTemplate": false,
    "count": 3,
    "updated": 1531859391
  },
  {
    "id": "db26a960-2669-4725-91f3-e6af215b02fd",
    "data": [
      {
        "text": "I don\u0027t want",
        "userDefined": false
      }
    ],
    "isTemplate": false,
    "count": 0,
    "updated": 1531859391
  },
  {
    "id": "2bffc331-afec-4d9a-9dfa-14d24f053ee3",
    "data": [
      {
        "text": "not ",
        "userDefined": false
      },
      {
        "text": "today",
        "meta": "@sys.ignore",
        "userDefined": false
      }
    ],
    "isTemplate": false,
    "count": 0,
    "updated": 1531859391
  },
  {
    "id": "2499a27f-7acc-4650-b686-dbf218de30f8",
    "data": [
      {
        "text": "I\u0027m not",
        "userDefined": false
      }
    ],
    "isTemplate": false,
    "count": 4,
    "updated": 1531859391
  },
  {
    "id": "fe92548f-26e5-4def-becc-b9662d958085",
    "data": [
      {
        "text": "I disagree",
        "userDefined": false
      }
    ],
    "isTemplate": false,
    "count": 2,
    "updated": 1531859391
  },
  {
    "id": "a5ba9c9e-6d93-4a83-bff0-6cc2bde25213",
    "data": [
      {
        "text": "not this time",
        "userDefined": false
      }
    ],
    "isTemplate": false,
    "count": 0,
    "updated": 1531859391
  },
  {
    "id": "5d84bac6-ad9e-4693-ada3-7a7a9d68df54",
    "data": [
      {
        "text": "nothing else thanks",
        "userDefined": false
      }
    ],
    "isTemplate": false,
    "count": 0,
    "updated": 1531859391
  }
]